[
    {
        "chapter": 1,
        "verse": [
            {
                "index": 1,
                "text": ""
            },
            {
                "index": 2,
                "text": ""
            },
            {
                "index": 3,
                "text": ""
            },
            {
                "index": 4,
                "text": ""
            },
            {
                "index": 5,
                "text": ""
            }
        ]
    },
    {
        "chapter": 2,
        "verse": [
            {
                "index": 1,
                "text": ""
            }
        ]
    }
]