[
    {
        "chapter": 12,
        "verse": [
            {
                "index": 7,
                "text": "So to keep me from becoming conceited because of the surpassing greatness of the revelations, a thorn was given me in the flesh, a messenger of Satan to harass me, to keep me from becoming conceited. "
            },
            {
                "index": 8,
                "text": "Three times I pleaded with the Lord about this, that it should leave me."
            },
            {
                "index": 9,
                "text": "But he said to me, “My grace is sufficient for you, for my power is made perfect in weakness.” Therefore I will boast all the more gladly of my weaknesses, so that the power of Christ may rest upon me. "
            },
            {
                "index": 10,
                "text": "For the sake of Christ, then, I am content with weaknesses, insults, hardships, persecutions, and calamities. For when I am weak, then I am strong."
            }
        ]
    },
    {
        "chapter": 2,
        "verse": [
            {
                "index": 1,
                "text": ""
            }
        ]
    }
]