[
    {
        "chapter": 8,
        "verse": [
            {
                "index": 2,
                "text": "And you shall remember the whole way that the LORD your God has led you these forty years in the wilderness, that he might humble you, testing you to know what was in your heart, whether you would keep his commandments or not."
            },
            {
                "index": 3,
                "text": "And he humbled you and let you hunger and fed you with manna, which you did not know, nor did your fathers know, that he might make you know that man does not live by bread alone, but man lives by every word that comes from the mouth of the LORD."
            },
            {
                "index": 4,
                "text": "Your clothing did not wear out on you and your foot did not swell these forty years."
            },
            {
                "index": 5,
                "text": "Know then in your heart that, as a man disciplines his son, the LORD your God disciplines you."
            }
        ]
    },
    {
        "chapter": 2,
        "verse": [
            {
                "index": 1,
                "text": ""
            }
        ]
    }
]