[
    {
        "chapter": 1,
        "verse": [
            {
                "index": 1,
                "text": ""
            },
            {
                "index": 2,
                "text": ""
            },
            {
                "index": 3,
                "text": ""
            },
            {
                "index": 4,
                "text": ""
            },
            {
                "index": 5,
                "text": ""
            }
        ]
    },
    {
        "chapter": 6,
        "verse": [
            {
                "index": 16,
                "text": "In all circumstances take up the shield of faith, with which you can extinguish all the flaming darts of the evil one;"
            }
        ]
    }
]