[
    {
        "chapter": 40,
        "verse": [
            {
                "index": 6,
                "text": "A voice says, “Cry!” And I said,“What shall I cry?” All flesh is grass, and all its beauty is like the flower of the field."
            },
            {
                "index": 7,
                "text": "The grass withers, the flower fades when the breath of the Lord blows on it; surely the people are grass"
            },
            {
                "index": 8,
                "text": "The grass withers, the flower fades, but the word of our God will stand forever."
            }
        ]
    },
    {
        "chapter": 2,
        "verse": [
            {
                "number": 1,
                "text": ""
            }
        ]
    }
]