[
    {
        "chapter": 1,
        "verse": [
            {
                "index": 1,
                "text": "James, a servant of God and of the Lord Jesus Christ, To the twelve tribes in the Dispersion: Greetings."
            },
            {
                "index": 2,
                "text": "Count it all joy, my brothers, when you meet trials of various kinds,"
            },
            {
                "index": 3,
                "text": "for you know that the testing of your faith produces steadfastness."
            },
            {
                "index": 4,
                "text": "And let steadfastness have its full effect, that you may be perfect and complete, lacking in nothing."
            },
            {
                "index": 5,
                "text": "If any of you lacks wisdom, let him ask God, who gives generously to all without reproach, and it will be given him."
            },
            {
                "index": 6,
                "text": "But let him ask in faith, with no doubting, for the one who doubts is like a wave of the sea that is driven and tossed by the wind."
            },
            {
                "index": 7,
                "text": "For that person must not suppose that he will receive anything from the Lord;"
            },
            {
                "index": 8,
                "text": "he is a double-minded man, unstable in all his ways."
            },
            {
                "index": 9,
                "text": "Let the lowly brother boast in his exaltation,"
            },
            {
                "index": 10,
                "text": "and the rich in his humiliation, because like a flower of the grass he will pass away."
            },
            {
                "index": 11,
                "text": "For the sun rises with its scorching heat and withers the grass; its flower falls, and its beauty perishes. So also will the rich man fade away in the midst of his pursuits."
            },
            {
                "index": 12,
                "text": "Blessed is the man who remains steadfast under trial, for when he has stood the test he will receive the crown of life, which God has promised to those who love him."
            },
            {
                "index": 13,
                "text": "Let no one say when he is tempted, “I am being tempted by God,” for God cannot be tempted with evil, and he himself tempts no one."
            },
            {
                "index": 14,
                "text": "But each person is tempted when he is lured and enticed by his own desire."
            },
            {
                "index": 15,
                "text": "Then desire when it has conceived gives birth to sin, and sin when it is fully grown brings forth death."
            },
            {
                "index": 16,
                "text": "Do not be deceived, my beloved brothers."
            },
            {
                "index": 17,
                "text": "Every good gift and every perfect gift is from above, coming down from the Father of lights, with whom there is no variation or shadow due to change."
            },
            {
                "index": 18,
                "text": "Of his own will he brought us forth by the word of truth, that we should be a kind of firstfruits of his creatures."
            },
            {
                "index": 19,
                "text": "Know this, my beloved brothers: let every person be quick to hear, slow to speak, slow to anger;"
            },
            {
                "index": 20,
                "text": "for the anger of man does not produce the righteousness of God."
            },
            {
                "index": 21,
                "text": "Therefore put away all filthiness and rampant wickedness and receive with meekness the implanted word, which is able to save your souls."
            },
            {
                "index": 22,
                "text": "But be doers of the word, and not hearers only, deceiving yourselves."
            },
            {
                "index": 23,
                "text": "For if anyone is a hearer of the word and not a doer, he is like a man who looks intently at his natural face in a mirror."
            },
            {
                "index": 24,
                "text": "For he looks at himself and goes away and at once forgets what he was like."
            },
            {
                "index": 25,
                "text": "But the one who looks into the perfect law, the law of liberty, and perseveres, being no hearer who forgets but a doer who acts, he will be blessed in his doing."
            },
            {
                "index": 26,
                "text": "If anyone thinks he is religious and does not bridle his tongue but deceives his heart, this person’s religion is worthless."
            },
            {
                "index": 27,
                "text": "Religion that is pure and undefiled before God the Father is this: to visit orphans and widows in their affliction, and to keep oneself unstained from the world."
            }
        ]
    },
    {
        "chapter": 2,
        "verse": [
            {
                "index": 1,
                "text": "My brothers, show no partiality as you hold the faith in our Lord Jesus Christ, the Lord of glory."
            },
            {
                "index": 2,
                "text": "For if a man wearing a gold ring and fine clothing comes into your assembly, and a poor man in shabby clothing also comes in,"
            },
            {
                "index": 3,
                "text": "and if you pay attention to the one who wears the fine clothing and say, “You sit here in a good place,” while you say to the poor man, “You stand over there,” or, “Sit down at my feet,”"
            },
            {
                "index": 4,
                "text": "have you not then made distinctions among yourselves and become judges with evil thoughts?"
            },
            {
                "index": 5,
                "text": "Listen, my beloved brothers, has not God chosen those who are poor in the world to be rich in faith and heirs of the kingdom, which he has promised to those who love him?"
            },
            {
                "index": 6,
                "text": "But you have dishonored the poor man. Are not the rich the ones who oppress you, and the ones who drag you into court?"
            },
            {
                "index": 7,
                "text": "Are they not the ones who blaspheme the honorable name by which you were called?"
            },
            {
                "index": 8,
                "text": "If you really fulfill the royal law according to the Scripture, “You shall love your neighbor as yourself,” you are doing well."
            },
            {
                "index": 9,
                "text": "But if you show partiality, you are committing sin and are convicted by the law as transgressors."
            },
            {
                "index": 10,
                "text": "For whoever keeps the whole law but fails in one point has become guilty of all of it."
            },
            {
                "index": 11,
                "text": "For he who said, “Do not commit adultery,” also said, “Do not murder.” If you do not commit adultery but do murder, you have become a transgressor of the law."
            },
            {
                "index": 12,
                "text": "Speak and act as those who are going to be judged by the law that gives freedom. "
            },
            {
                "index": 13,
                "text": "For judgment without mercy will be shown to anyone who has not been merciful. Mercy triumphs over judgment. "
            },
            {
                "index": 14,
                "text": "What good is it, my brothers, if someone says he has faith but does not have works? Can that faith save him?"
            },
            {
                "index": 15,
                "text": "If a brother or sister is poorly clothed and lacking in daily food,"
            },
            {
                "index": 16,
                "text": "and one of you says to them, “Go in peace, be warmed and filled,” without giving them the things needed for the body, what goodb is that?"
            },
            {
                "index": 17,
                "text": "So also faith by itself, if it does not have works, is dead."
            },
            {
                "index": 18,
                "text": "But someone will say, “You have faith and I have works.” Show me your faith apart from your works, and I will show you my faith by my works."
            },
            {
                "index": 19,
                "text": "You believe that God is one; you do well. Even the demons believe—and shudder!"
            },
            {
                "index": 20,
                "text": "Do you want to be shown, you foolish person, that faith apart from works is useless?"
            },
            {
                "index": 21,
                "text": "Was not Abraham our father justified by works when he offered up his son Isaac on the altar?"
            },
            {
                "index": 22,
                "text": "You see that faith was active along with his works, and faith was completed by his works;"
            },
            {
                "index": 23,
                "text": "and the Scripture was fulfilled that says, “Abraham believed God, and it was counted to him as righteousness”—and he was called a friend of God."
            },
            {
                "index": 24,
                "text": "You see that a person is justified by works and not by faith alone. "
            },
            {
                "index": 25,
                "text": "And in the same way was not also Rahab the prostitute justified by works when she received the messengers and sent them out by another way?"
            },
            {
                "index": 26,
                "text": "For as the body apart from the spirit is dead, so also faith apart from works is dead."
            }
        ]
    },
    {
        "chapter": 3,
        "verse": [
            {
                "index": 1,
                "text": "Not many of you should become teachers, my brothers, for you know that we who teach will be judged with greater strictness."
            },
            {
                "index": 2,
                "text": "For we all stumble in many ways. And if anyone does not stumble in what he says, he is a perfect man, able also to bridle his whole body."
            },
            {
                "index": 3,
                "text": "If we put bits into the mouths of horses so that they obey us, we guide their whole bodies as well."
            },
            {
                "index": 4,
                "text": "Look at the ships also: though they are so large and are driven by strong winds, they are guided by a very small rudder wherever the will of the pilot directs."
            },
            {
                "index": 5,
                "text": "So also the tongue is a small member, yet it boasts of great things. How great a forest is set ablaze by such a small fire"
            },
            {
                "index": 6,
                "text": "And the tongue is a fire, a world of unrighteousness. The tongue is set among our members, staining the whole body, setting on fire the entire course of life, and set on fire by hell."
            },
            {
                "index": 7,
                "text": "For every kind of beast and bird, of reptile and sea creature, can be tamed and has been tamed by mankind,"
            },
            {
                "index": 8,
                "text": "but no human being can tame the tongue. It is a restless evil, full of deadly poison."
            },
            {
                "index": 9,
                "text": "With it we bless our Lord and Father, and with it we curse people who are made in the likeness of God."
            },
            {
                "index": 10,
                "text": "From the same mouth come blessing and cursing. My brothers,c these things ought not to be so."
            },
            {
                "index": 11,
                "text": "Does a spring pour forth from the same opening both fresh and salt water?"
            },
            {
                "index": 12,
                "text": "My brothers, can a fig tree grow olives, or a grapevine bear figs? Neither can a salt spring produce fresh water."
            },
            {
                "index": 13,
                "text": "Who is wise and understanding among you? By his good conduct let him show his works in the meekness of wisdom."
            },
            {
                "index": 14,
                "text": "But if you have bitter jealousy and selfish ambition in your hearts, do not boast and be false to the truth."
            },
            {
                "index": 15,
                "text": "This is not the wisdom that comes down from above, but is earthly, unspiritual, demonic."
            },
            {
                "index": 16,
                "text": "For where jealousy and selfish ambition exist, there will be disorder and every vile practice."
            },
            {
                "index": 17,
                "text": "But the wisdom from above is first pure, then peaceable, gentle, open to reason, full of mercy and good fruits, impartial and sincere."
            },
            {
                "index": 18,
                "text": "And a harvest of righteousness is sown in peace by those who make peace."
            }
        ]
    },
    {
        "chapter": 4,
        "verse": [
            {
                "index": 1,
                "text": "What causes quarrels and what causes fights among you? Is it not this, that your passionsa are at war within you?"
            },
            {
                "index": 2,
                "text": "You desire and do not have, so you murder. You covet and cannot obtain, so you fight and quarrel. You do not have, because you do not ask."
            },
            {
                "index": 3,
                "text": "You ask and do not receive, because you ask wrongly, to spend it on your passions. "
            },
            {
                "index": 4,
                "text": ""
            },
            {
                "index": 5,
                "text": ""
            },
            {
                "index": 6,
                "text": ""
            },
            {
                "index": 7,
                "text": ""
            },
            {
                "index": 8,
                "text": ""
            },
            {
                "index": 9,
                "text": ""
            },
            {
                "index": 10,
                "text": ""
            },
            {
                "index": 11,
                "text": ""
            },
            {
                "index": 12,
                "text": ""
            },
            {
                "index": 13,
                "text": ""
            },
            {
                "index": 14,
                "text": ""
            },
            {
                "index": 15,
                "text": ""
            }
        ]
    },
    {
        "chapter": 5,
        "verse": [
            {
                "index": 11,
                "text": "Behold, we consider those blessed who remained steadfast. You have heard of the steadfastness of Job, and you have seen the purpose of the Lord, how the Lord is compassionate and merciful."
            }
        ]
    }
]