[
    {
        "chapter": 1,
        "verse": [
            {
                "index": 1,
                "text": ""
            },
            {
                "index": 2,
                "text": ""
            },
            {
                "index": 3,
                "text": ""
            },
            {
                "index": 4,
                "text": ""
            },
            {
                "index": 5,
                "text": ""
            }
        ]
    },
    {
        "chapter": 5,
        "verse": [
            {
                "index": 14,
                "text": "And this is the confidence that we have toward him, that if we ask anything according to his will he hears us."
            }
        ]
    }
]