[
    {
        "chapter": 1,
        "verse": [
            {
                "index": 52,
                "text": "he has brought down the mighty from their thrones and exalted those of humble estate; "
            }
        ]
    },
    {
        "chapter": 6,
        "verse": [
            {
                "index": 20,
                "text": "And he lifted up his eyes on his disciples, and said: “Blessed are you who are poor, for yours is the kingdom of God."
            },
            {
                "index": 21,
                "text": "“Blessed are you who are hungry now, for you shall be satisfied. “Blessed are you who weep now, for you shall laugh."
            },
            {
                "index": 24,
                "text": "“But woe to you who are rich, for you have received your consolation."
            },
            {
                "index": 25,
                "text": "“Woe to you who are full now, for you shall be hungry. “Woe to you who laugh now, for you shall mourn and weep."
            }
        ]
    },
    {
        "chapter": 8,
        "verse": [
            {
                "index": 21,
                "text": "But he answered them, “My mother and my brothers are those who hear the word of God and do it.” "
            }
        ]
    },
    {
        "chapter": 12,
        "verse": [
            {
                "index": 48,
                "text": "But the one who did not know, and did what deserved a beating, will receive a light beating. Everyone to whom much was given, of him much will be required, and from him to whom they entrusted much, they will demand the more."
            }
        ]
    },
    {
        "chapter": 21,
        "verse": [
            {
                "index": 16,
                "text": "By your endurance you will gain your lives."
            }
        ]
    }
]