[
    {
        "chapter": 1,
        "verse": [
            {
                "index": 1,
                "text": ""
            },
            {
                "index": 2,
                "text": ""
            },
            {
                "index": 3,
                "text": ""
            },
            {
                "index": 4,
                "text": ""
            },
            {
                "index": 5,
                "text": ""
            }
        ]
    },
    {
        "chapter": 10,
        "verse": [
            {
                "index": 21,
                "text": "And Jesus, looking at him, loved him, and said to him, “You lack one thing: go, sell all that you have and give to the poor, and you will have treasure in heaven; and come, follow me. "
            }
        ]
    }
]