[
    {
        "chapter": 5,
        "verse": [
            {
                "index": 3,
                "text": "Blessed are the poor in spirit, for theirs is the kingdom of heaven."
            }
        ]
    },
    {
        "chapter": 6,
        "verse": [
            {
                "index": 13,
                "text": "And lead us not into temptation, but deliver us from evil."
            }
        ]
    },
    {
        "chapter": 7,
        "verse": [
            {
                "index": 7,
                "text": "“Ask, and it will be given to you; seek, and you will find; knock, and it will be opened to you."
            },
            {
                "index": 8,
                "text": "For everyone who asks receives, and the one who seeks finds, and to the one who knocks it will be opened."
            },
            {
                "index": 9,
                "text": "Or which one of you, if his son asks him for bread, will give him a stone?"
            },
            {
                "index": 10,
                "text": "Or if he asks for a fish, will give him a serpent?"
            },
            {
                "index": 11,
                "text": "If you then, who are evil, know how to give good gifts to your children, how much more will your Father who is in heaven give good things to those who ask him!"
            }
        ]
    },
    {
        "chapter": 13,
        "verse": [
            {
                "index": 20,
                "text": "As for what was sown on rocky ground, this is the one who hears the word and immediately receives it with joy,"
            },
            {
                "index": 21,
                "text": "yet he has no root in himself, but endures for a while, and when tribulation or persecution arises on account of the word, immediately he falls away."
            }
        ]
    },
    {
        "chapter": 21,
        "verse": [
            {
                "index": 21,
                "text": "And Jesus answered them, “Truly, I say to you, if you have faith and do not doubt, you will not only do what has been done to the fig tree, but even if you say to this mountain, ‘Be taken up and thrown into the sea,’ it will happen."
            },
            {
                "index": 22,
                "text": "And whatever you ask in prayer, you will receive, if you have faith."
            }
        ]
    },
    {
        "chapter": 23,
        "verse": [
            {
                "index": 12,
                "text": "Whoever exalts himself will be humbled, and whoever humbles himself will be exalted."
            }
        ]
    },
    {
        "chapter": 26,
        "verse": [
            {
                "index": 41,
                "text": "Watch and pray that you may not enter into temptation. The spirit indeed is willing, but the flesh is weak.”"
            }
        ]
    }
]