[
    {
        "chapter": 1,
        "verse": [
            {
                "index":1,
                "text":"Peter, an apostle of Jesus Christ, To those who are elect exiles of the Dispersion in Pontus, Galatia, Cappadocia, Asia, and Bithynia,"
            },
            {
                "index": 6,
                "text": "In this you rejoice, though now for a little while, if necessary, you have been grieved by various trials,"
            },
            {
                "index": 7,
                "text": "so that the tested genuineness of your faith—more precious than gold that perishes though it is tested by fire—may be found to result in praise and glory and honor at the revelation of Jesus Christ."
            }
        ]
    },
    {
        "chapter": 2,
        "verse": [
            {
                "index": 21,
                "text": "For to this you have been called, because Christ also suffered for you, leaving you an example, so that you might follow in his steps."
            }
        ]
    }
]