[
    {
        "chapter": 3,
        "verse": [
            {
                "index": 5,
                "text": "Trust in the LORD with all your heart, and do not lean on your own understanding."
            },
            {
                "index": 6,
                "text": "In all your ways acknowledge him, and he will make straight your paths."
            },
            {
                "index": 7,
                "text": "Be not wise in your own eyes; fear the LORD, and turn away from evil."
            },
            {
                "index": 8,
                "text": "It will be healing to your flesh and refreshment to your bones."
            }
        ]
    },
    {
        "chapter": 8,
        "verse": [
            {
                "index": 17,
                "text": "I love those who love me, and those who seek me diligently find me."
            }
        ]
    },
    {
        "chapter": 30,
        "verse": [
            {
                "index": 7,
                "text": "Two things I ask of you; deny them not to me before I die:"
            },
            {
                "index":8,
                "text":"Remove far from me falsehood and lying; give me neither poverty nor riches; feed me with the food that is needful for me,"
            },
            {
                "index":9,
                "text":"lest I be full and deny you and say, “Who is the LORD?” or lest I be poor and steal and profane the name of my God."
            }
        ]
    }
]