[
    {
        "chapter": 78,
        "verse": [
            {
                "index": 19,
                "text": "They spoke against God, saying, “Can God spread a table in the wilderness?"
            }
        ]
    },
    {
        "chapter": 90,
        "verse": [
            {
                "index": 5,
                "text": "You sweep them away as with a flood; they are like a dream, like grass that is renewed in the morning:"
            },
            {
                "index": 6,
                "text": "in the morning it flourishes and is renewed; in the evening it fades and withers."
            }
        ]
    },
    {
        "chapter": 2,
        "verse": [
            {
                "index": 1,
                "text": ""
            }
        ]
    }
]