[
    {
        "chapter": 5,
        "verse": [
            {
                "index": 3,
                "text": "Not only that, but we rejoice in our sufferings, knowing that suffering produces endurance,"
            },
            {
                "index": 4,
                "text": "and endurance produces character, and character produces hope,"
            },
            {
                "index": 5,
                "text": "and hope does not put us to shame, because God’s love has been poured into our hearts through the Holy Spirit who has been given to us."
            },
            {
                "index": 4,
                "text": ""
            },
            {
                "index": 5,
                "text": ""
            }
        ]
    },
    {
        "chapter": 2,
        "verse": [
            {
                "index": 1,
                "text": ""
            }
        ]
    }
]