[
    {
        "chapter": 2,
        "verse": [
            {
                "index": 1,
                "text": ""
            }
        ]
    },
    {
        "chapter": 4,
        "verse": [
            {
                "index": 8,
                "text": "Henceforth there is laid up for me the crown of righteousness, which the Lord, the righteous judge, will award to me on that day, and not only to me but also to all who have loved his appearing."
            }
        ]
    }
]