[
    {
        "chapter": 2,
        "verse": [
            {
                "index": 1,
                "text": ""
            }
        ]
    },
    {
        "chapter": 6,
        "verse": [
            {
                "index": 17,
                "text": "As for the rich in this present age, charge them not to be haughty, nor to set their hopes on the uncertainty of riches, but on God, who richly provides us with everything to enjoy."
            },
            {
                "index": 18,
                "text": "They are to do good, to be rich in good works, to be generous and ready to share,"
            },
            {
                "index": 19,
                "text": "thus storing up treasure for themselves as a good foundation for the future, so that they may take hold of that which is truly life."
            }
        ]
    }
]