[
    {
        "id": 0,
        "header": "Introduction",
        "book": "James",
        "chapter": 1,
        "start": 1,
        "finish": 1,
        "introduction": [
            "About James",
            "James was the younger brother of Jesus.",
            "Wealth of knowledge, may sound like his older brother sometimes.",
            "Cross reference into the Gospels and Jesus Teachings",
            "Book of James thought to be written 40 AD.",
            "James is mentioned in Jerusalem Council: Act 15.",
            "James was martyred 62 AD."
        ],
        "summary": [
            "Blueprint for how to think, act, plan as a Christian.",
            "Book can be crushingly hard. Reading it can make me feel like a failure.",
            "Important to dwell on the gospel: Now that I have been redeemed, how do I live?",
            "Now that I have heard the word of God, how do I do it?",
            "Spirits power: Remind ourselves the reason why we can attempt to be this way.",
            "James isn't telling us how to get saved, he is telling us how to live now that we are saved.",
            "Try and mix in some encouragement from other his and other books."
        ]
    },
    {
        "id": 1,
        "header": "Finding Joy in Trials",
        "book": "James",
        "chapter": 1,
        "start": 2,
        "finish": 4,
        "introduction": [
            "1. As a Christian, how do I approach various trials? (e.g. Ecc and toil.)",
            "2. Should I try to avoid trials?",
            "3. What role do they play in my spiritual growth?"
        ],
        "summary": [
            "1. Approach trials with joy.",
            "2. We should pray not to have trials, but when they do come, see them as a tool for our eternal good.",
            "3. Some trials are self-induced.",
            "3. Not about making lemonaid from lemons.",
            "3. I need to consider carefully the difficulties in life and the possibility of them being part of my refinement.",
            "3. But the plan of God for our refinement with eternal purpose.",
            "3. Find true joy knowing that God has taken a loving interest in me. That He is treating me as a son."
        ]
    },
    {
        "id": 2,
        "header": "Asking for Wisdom",
        "book": "James",
        "chapter": 1,
        "start": 5,
        "finish": 8,
        "introduction": [
            "Transition: Seems appropriate to talk about wisdom in light of the preceeding verses about trials.",
            "Transition: Certainly need to have wisdom in decerning any refinement that is taking place",
            "1. Who is eligible for this wisdom? (age, educational background, intellectual abilities, demonination)",
            "2. What type of wisdom is James talking about?",
            "3. What are the conditions?",
            "4. Why is God so displeased when we doubt Him?"
        ],
        "summary": [
            "1. All Christians are eligible and in need of God's wisdom.",
            "2. a). It is distinct from intellectualism, b). Free from our own abilities (e.g. pride) c). Free gift for anyone who asks.",
            "3. Only condition/requirement is to believe and not doubt that he will deliever on his promise to give wisdom.",
            "3. Careful not to be double-minded.",
            "3. Not pray once, get wisdom, and then move on to the next area, it is a continous process.",
            "3. Amazing kindness of God for His provisions.",
            "4. It dishonors him.",
            "Transition: Example of Money.",
            "Transition: Questions from young people all the time about how much to give.",
            "Transition: First and foremost remember it is not yours.",
            "Transition: It is between you and God. I don't want to get in the way of God's will for you. I can't give you a number like the tithe.",
            "Transition: Continous process, planning, trust in the lord with all my heart."
        ]
    },
    {
        "id": 3,
        "header": "The Poor and Rich",
        "book": "James",
        "chapter": 1,
        "start": 9,
        "finish": 11,
        "introduction": [
            "Transition: Although wisdom is given without discrimination or partiality, God seems to view economic status with bias.",
            "Transition: James talks much more on wealth and poverty.",
            "   => Chapter 2: Demonstrates partiality by using the example of how we view the rich and poor people.",
            "   => Chapter 4: Warns us not to boast in our economic security.",
            "   => Chapter 5: Warns the rich about their final judgement.",
            "1. Is economic status coupled to salvation?",
            "=> e.g. Camel and eye of the needle.",
            "2. Were do I fall in the spectrum of poor and rich?",
            "Illustration: 'I have enough money to retire.'"
        ],
        "summary": [
            "1. Not necessarily. More on this is subsequent chapters.",
            "1. Predisposition for the poor to be rich in faith, while the rich stuggle with faith.",
            "2. Need to have God's perspective of our wealth, not comparing to each other.",
            "2. If we consider ourselves rich, we need to be very humble and cautious."
        ]
    },
    {
        "id": 4,
        "header": "Blessing of Steadfastness",
        "book": "James",
        "chapter": 1,
        "start": 12,
        "finish": 12,
        "introduction": [
            "Transition: Trial: Same word as James 1:2",
            "Illustration: ",
            "1."
        ],
        "summary": [
            "1. "
        ]
    },
    {
        "id": 5,
        "header": "Source of Temptations",
        "book": "James",
        "chapter": 1,
        "start": 13,
        "finish": 15,
        "introduction": [
            "Transition: Trial: Same word as James 1:2",
            "Illustration: ",
            "1."
        ],
        "summary": [
            "1. "
        ]
    },
    {
        "id": 6,
        "header": "Source of Perfect Gifts",
        "book": "James",
        "chapter": 1,
        "start": 16,
        "finish": 18,
        "introduction": [
            "Some say James is light on Theology."
        ],
        "summary": []
    },
    {
        "id": 7,
        "header": "Meekness",
        "book": "James",
        "chapter": 1,
        "start": 19,
        "finish": 20,
        "introduction": [],
        "summary": []
    },
    {
        "id": 8,
        "header": "Being a Doer",
        "book": "James",
        "chapter": 1,
        "start": 21,
        "finish": 25,
        "introduction": [],
        "summary": []
    },
    {
        "id": 9,
        "header": "Pure Religion",
        "book": "James",
        "chapter": 1,
        "start": 26,
        "finish": 27,
        "introduction": [],
        "summary": []
    },
    {
        "id": 10,
        "header": "Sin of Partiality",
        "book": "James",
        "chapter": 2,
        "start": 1,
        "finish": 7,
        "introduction": [
            "Transition:",
            "Uses the example of appearance (rich and poor) to demonstrate partiality.",
            "On earth ...",
            "1. What areas in my life am I showing partiality?",
            "2. What is the relationship between j"
        ],
        "summary": [
            "1.",
            ""
        ]
    },
    {
        "id": 11,
        "header": "Law of Liberty",
        "book": "James",
        "chapter": 2,
        "start": 8,
        "finish": 13,
        "introduction": [
            "Transition:",
            "",
            "1. What areas in my life am I showing partiality?",
            "2. What is the relationship between j"
        ],
        "summary": [
            "1.",
            ""
        ]
    },
    {
        "id": 12,
        "header": "Faith without Works is Dead",
        "book": "James",
        "chapter": 2,
        "start": 14,
        "finish": 26,
        "introduction": [],
        "summary": []
    },
    {
        "id": 13,
        "header": "The Tongue",
        "book": "James",
        "chapter": 3,
        "start": 1,
        "finish": 12,
        "introduction": [],
        "summary": []
    },
    {
        "id": 14,
        "header": "Wisdom from Above",
        "book": "James",
        "chapter": 3,
        "start": 13,
        "finish": 14,
        "introduction": [],
        "summary": []
    },
    {
        "id": 15,
        "header": "Friendship with the World",
        "book": "James",
        "chapter": 4,
        "start": 1,
        "finish": 10,
        "introduction": [],
        "summary": []
    },
    {
        "id": 16,
        "header": "Speaking Evil Against Others",
        "book": "James",
        "chapter": 4,
        "start": 11,
        "finish": 12,
        "introduction": [],
        "summary": []
    },
    {
        "id": 17,
        "header": "Boasting About Tomorrow",
        "book": "James",
        "chapter": 4,
        "start": 13,
        "finish": 17,
        "introduction": ["Put our young people in an ackward position about future plans."],
        "summary": []
    },
    {
        "id": 18,
        "header": "Warning to the Rich",
        "book": "James",
        "chapter": 5,
        "start": 1,
        "finish": 6,
        "introduction": [],
        "summary": []
    },
    {
        "id": 19,
        "header": "Patience in Suffering",
        "book": "James",
        "chapter": 5,
        "start": 7,
        "finish": 11,
        "introduction": [],
        "summary": []
    },
    {
        "id": 20,
        "header": "Oaths",
        "book": "James",
        "chapter": 5,
        "start": 12,
        "finish": 12,
        "introduction": [],
        "summary": []
    },
    {
        "id": 21,
        "header": "The Prayer of Faith",
        "book": "James",
        "chapter": 5,
        "start": 13,
        "finish": 18,
        "introduction": [],
        "summary": []
    },
    {
        "id": 22,
        "header": "Bringing Back a Wonderer",
        "book": "James",
        "chapter": 5,
        "start": 19,
        "finish": 20,
        "introduction": [],
        "summary": []
    }
]