[
    {
        "chapter": 1,
        "verse": [
            {
                "index": 1,
                "references": [
                    {
                        "book": "1 Peter",
                        "chapter": 1,
                        "start": 1,
                        "finish": 1
                    },
                    {
                        "book": "Luke",
                        "chapter": 8,
                        "start": 21,
                        "finish": 21
                    }
                ]
            },
            {
                "index": 2,
                "references": [
                    {
                        "book": "Matthew",
                        "chapter": 6,
                        "start": 13,
                        "finish": 13
                    },
                    {
                        "book": "Matthew",
                        "chapter": 26,
                        "start": 41,
                        "finish": 41
                    },
                    {
                        "book": "Hebrews",
                        "chapter": 3,
                        "start": 8,
                        "finish": 8
                    },
                    {
                        "book": "1 Peter",
                        "chapter": 1,
                        "start": 6,
                        "finish": 6
                    }
                ]
            },
            {
                "index": 3,
                "references": [
                    {
                        "book": "1 Peter",
                        "chapter": 1,
                        "start": 7,
                        "finish": 7
                    },
                    {
                        "book": "Matthew",
                        "chapter": 13,
                        "start": 20,
                        "finish": 21
                    },
                    {
                        "book": "Deuteronomy",
                        "chapter": 8,
                        "start": 2,
                        "finish": 5
                    }
                ]
            },
            {
                "index": 4,
                "references": [
                    {
                        "book": "Romans",
                        "chapter": 5,
                        "start": 3,
                        "finish": 5
                    },
                    {
                        "book": "1 Peter",
                        "chapter": 1,
                        "start": 6,
                        "finish": 7
                    },
                    {
                        "book": "1 Peter",
                        "chapter": 2,
                        "start": 21,
                        "finish": 21
                    },
                    {
                        "book": "James",
                        "chapter": 5,
                        "start": 11,
                        "finish": 11
                    }
                ]
            },
            {
                "index": 5,
                "references": [
                    {
                        "book": "James",
                        "chapter": 3,
                        "start": 17,
                        "finish": 17
                    },
                    {
                        "book": "1 Corinthians",
                        "chapter": 1,
                        "start": 18,
                        "finish": 25
                    },
                    {
                        "book": "2 Corinthians",
                        "chapter": 12,
                        "start": 7,
                        "finish": 10
                    },
                    {
                        "book": "Proverbs",
                        "chapter": 3,
                        "start": 5,
                        "finish": 8
                    },
                    {
                        "book": "Proverbs",
                        "chapter": 8,
                        "start": 17,
                        "finish": 17
                    },
                    {
                        "book": "Matthew",
                        "chapter": 7,
                        "start": 7,
                        "finish": 11
                    }
                ]
            },
            {
                "index": 6,
                "references": [
                    {
                        "book": "Matthew",
                        "chapter": 21,
                        "start": 21,
                        "finish": 22
                    },
                    {
                        "book": "Hebrews",
                        "chapter": 11,
                        "start": 1,
                        "finish": 1
                    },
                    {
                        "book": "1 John",
                        "chapter": 5,
                        "start": 14,
                        "finish": 14
                    }
                ]
            },
            {
                "index": 7,
                "references": []
            },
            {
                "index": 8,
                "references": [
                    {
                        "book": "Psalms",
                        "chapter": 78,
                        "start": 19,
                        "finish": 19
                    },
                    {
                        "book": "Ephesians",
                        "chapter": 6,
                        "start": 16,
                        "finish": 16
                    }
                ]
            },
            {
                "index": 9,
                "references": [
                    {
                        "book": "Matthew",
                        "chapter": 5,
                        "start": 3,
                        "finish": 3
                    },
                    {
                        "book": "Luke",
                        "chapter": 6,
                        "start": 20,
                        "finish": 22
                    },
                    {
                        "book": "James",
                        "chapter": 2,
                        "start": 5,
                        "finish": 5
                    }
                ]
            },
            {
                "index": 10,
                "references": [
                    {
                        "book": "Luke",
                        "chapter": 6,
                        "start": 24,
                        "finish": 25
                    }
                ]
            },
            {
                "index": 11,
                "references": [
                    {
                        "book": "Luke",
                        "chapter": 1,
                        "start": 52,
                        "finish": 52
                    },
                    {
                        "book": "Matthew",
                        "chapter": 23,
                        "start": 12,
                        "finish": 12
                    },
                    {
                        "book": "Luke",
                        "chapter": 6,
                        "start": 20,
                        "finish": 21
                    },
                    {
                        "book": "Luke",
                        "chapter": 12,
                        "start": 48,
                        "finish": 48
                    },
                    {
                        "book": "Psalms",
                        "chapter": 90,
                        "start": 5,
                        "finish": 6
                    },
                    {
                        "book": "Isaiah",
                        "chapter": 40,
                        "start": 6,
                        "finish": 8
                    },
                    {
                        "book": "Proverbs",
                        "chapter": 30,
                        "start": 7,
                        "finish": 9
                    },
                    {
                        "book": "Mark",
                        "chapter": 10,
                        "start": 21,
                        "finish": 21
                    },
                    {
                        "book": "1 Timothy",
                        "chapter": 6,
                        "start": 17,
                        "finish": 19
                    }
                ]
            },
            {
                "index": 12,
                "references": [
                    {
                        "book": "2 Timothy",
                        "chapter": 4,
                        "start": 8,
                        "finish": 8
                    }
                ]
            },
            {
                "index": 13,
                "references": []
            }
        ]
    },
    {
        "chapter": 2,
        "verse": [
            {
                "index": 1,
                "references": []
            },
            {
                "index": 2,
                "references": []
            }
        ]
    },
    {
        "chapter": 3,
        "verse": [
            {
                "index": 1,
                "references": []
            },
            {
                "index": 2,
                "references": []
            }
        ]
    }
]