[
    {
        "chapter": 1,
        "versenotes": [
            {
                "index": 1,
                "remarks": [
                    "Now a servant of Christ",
                    "Dispersion: Jewish Christians."
                ],
                "applications": [
                    "Book written to the believer, us, and not to anyone else.",
                    "Brother is used all the time.",
                    "ἀδελφοί (adelphoi),  A brother, member of the same religious community, especially a fellow-Christian. A brother near or remote.",
                    "Same word in Luke 8:21 when Jesus tells the crowd that his mother and brother are those who hear the word of God and do it."
                ]
            },
            {
                "index": 2,
                "remarks": [
                    "New Living Translation: Dear brothers and sisters, when troubles come your way, consider it an opportunity for great joy.",
                    "Not an instruction for the non-believer",
                    "Why is this an opportunity for great joy?",
                    "What kind of trials {various, many kinds}?",
                    "This isn't just for adults: Trial for me when I was younger was to clean my plate.",
                    "{trials} => πειρασμοῖς (peirasmois) Strong's Greek 3986: From peirazo; a putting to proof (of good), experience (of evil), solicitation, discipline or provocation); by implication, adversity.",
                    "Also used int Matt 6:13 (Lead us not into temptation), Matt 26:41 (Watch and pray ..temptation), Heb 3:8 (day of testing), 1 Pet 1:6 (grieved by various trials)",
                    "Leap for joy, when trials come Luke 6:22-23"
                ],
                "applications": [
                    "Jesus: Tells use to pray that we don't fall into them",
                    "James: Consider it joy when they do come."
                ]
            },
            {
                "index": 3,
                "remarks": [
                    "steadfastness: also translated perseverance, endurance",
                    "(testing) δοκίμιον (dokimion) Strong's Greek 1383: A test, trial, what is genuine. Neuter of a presumed derivative of dokime; a testing; by implication, trustworthiness.",
                    "Same word used in 1 Pet 1:7.",
                    "Just like the testing seen in the wilderness. Heb 3:8",
                    "Reason for testing in Deut 8:2-5"
                ],
                "applications": [
                    "Can I see trials as the testing of my faith?",
                    "Of course not all trials are from God.",
                    "Can I put aside myself to see what God is trying to teach me.?",
                    "Emphasis that this is not me powering through it, but his spirit allowing me to see and endure."
                ]
            },
            {
                "index": 4,
                "remarks": [
                    "Enduring the trial makes us perfect and complete.",
                    "This process of enduring trials, leading to steadfastness and ultimately please God is a recurring theme."
                ],
                "applications": [
                    "What is a trial to you? He states trials of many kinds.",
                    "Start small: What really annoys me?",
                    "Co-worker or boss does this or that: great joy",
                    "That person who I really have a hard time loving.",
                    "Some things I really do not do well with",
                    "Start to turn around my way of thinking.",
                    "Cure for the victim mentality.",
                    "Someone who God Loves and has taken and interest in. Who's Spirit is working in."
                ]
            },
            {
                "index": 5,
                "remarks": [
                    "Transition: Curious twist that trials result is for us to be complete, lack nothing, but if we due lack wisdom...",
                    "Context: James addresses those that need wisdom in trials.",
                    "What is this wisdom? ",
                    "Old Testament: Proverbs (3:5-8, 8:17)",
                    "Now in the new covenant: James 3:17, 1 Cor 1:18-25.",
                    "This is wisdom that flows from above, not obtained by intellectual work.",
                    "Gives generously to all: lavishly without regard to your age or worldly status.",
                    "e.g. intellectually disabled cancer patient.",
                    "Without reproach: (NIV: without finding fault.)",
                    "Privilege of going to God, for wisdom, and he tells us he wants to give it to us.",
                    "Just like He freely gives grace, He freely gives wisdom: mirror Jesus in Matt 7:7-11 'Ask, and It Will Be Given'",
                    "Let him ask of God: no demand of or payment to God can be made.",
                    "Impression: he very much wants us to go to him for help with life on earth."
                ],
                "applications": [
                    "What type of situations can we ask wisdom for?",
                    "Wisdom in all matters from the small to the great.",
                    "Wisdom about a small trial. (Showing perfect courtesy)",
                    "Wisdom about a great trial. (Financial calamity, ...)",
                    "Wisdom in all matters from the present to the future.",
                    "Wisdom about college, career, marriage, raising children, retirement.",
                    "Wisdom on how we care for ourselves. (diet, exercise)",
                    "Wisdom in understanding His word and His will.",
                    "Many areas where I lack wisdom."
                ]
            },
            {
                "index": 6,
                "remarks": [
                    "(doubts) διακρινόμενος (diakrinomenos)Strong's Greek 1252: From dia and krino; to separate thoroughly, i.e. to withdraw from, or oppose; figuratively, to discriminate, or hesitate.",
                    "Wave is an image of change.",
                    "May as well be sheep as an image as well",
                    "Asking in faith is the pathway that God requires of us.",
                    "James uses language simular to Jesus in Matt 21:21-22 (Mountain moving.)"
                ],
                "applications": [
                    "What does asking for wisdom in faith look like?",
                    "Faith defined in Heb 11:1",
                    "James is challenging us to be assured and have the conviction that we will receive wisdom when we ask.",
                    "Confident in the ability and willingness of God to answer our prayer for wisdom.",
                    "Vascillate: Ask for wisdom, than make my own plan. Just like that flock of sheep."
                ]
            },
            {
                "index": 7,
                "remarks": [
                    "God sets the requirement for a believing heart and convinced mind to make the deposit of His wisdom.",
                    "Note that the condition is faith and convition, not sinlessness.",
                    "Why should it be any different than the Gospel? (We need to believe in Jesus.)"
                ],
                "applications": []
            },
            {
                "index": 8,
                "remarks": [
                    "Doubting displeases God. Setting a table in the wilderness.",
                    "Careful: This is about receiving. There is also the displeasing aspect of doubt.",
                    "Learn from the Exodus generation about faith. (Psalm 78)"
                ],
                "applications": [
                    "Double-minded: spirit and flesh, heavenward and earthly, God's provision, my provision.",
                    "Easier said than done: Ephesians 5:16"
                ]
            },
            {
                "index": 9,
                "remarks": [
                    "Propensity for the poor on earth to be favored by God.",
                    "In Matthew: poor in Spirit, in Luke just poor.",
                    "James 2:5 => He choose the poor to be rich in faith.",
                    "Therefore they are instructed and encouraged to boast in their spiritual wealth, the true riches."
                ],
                "applications": []
            },
            {
                "index": 10,
                "remarks": [
                    "Rich should boast in his humiliation.",
                    "Wealthy believers should take extra precaution to humble themselves before God."
                ],
                "applications": []
            },
            {
                "index": 11,
                "remarks": [
                    "Moses is the first to compare flesh to grass in Psalm 90, then Psalm 103:15, Isaiah 40:6-8",
                    "We know both the poor and the rich will perish like the grass of the field.",
                    "James is not attaching economic status to salvation.",
                    "Repeating what his mother Mary said in Luke 1:52, and Jesus in Matt 23:12."
                ],
                "applications": [
                    "Should be a symmetry for the Christian:",
                    "=> Rich and poor alike will perish like the flower of the field.",
                    "=> Rich and poor alike should humble themselves before God. (every knee)",
                    "=> Rich and poor alike should boast in Christ alone.",
                    "Warning is really for the rich in this life:",
                    "=> Poor is predisposed to the humble position.",
                    "=> Whereas the rich must continually remind themselves about God's providence and work at humbling themselves.",
                    "Always come back to what will last for eternity"
                ]
            },
            {
                "index": 12,
                "remarks": [
                    "Again the eternal perspective.",
                    "If we look at Abraham: believing God, put to the test with Isaac.",
                    "Or Jesus the author and perfector of our faith.",
                    "Same crown mentioned in 2 Tim 4:8"
                ],
                "applications": []
            },
            {
                "index": 13,
                "remarks": [
                    "{under trial} => πειρασμόν (peirasmon) Strong's Greek 3986: From peirazo; a putting to proof (of good), experience (of evil), solicitation, discipline or provocation); by implication, adversity.",
                    "{stood the test} => δόκιμος (dokimos) Strong's Greek 1384: Approved, acceptable, tried. From dokeo; properly, acceptable, i.e. Approved.",
                    "{When tempted} => πειραζόμενος (peirazomenos) Strong's Greek 3985: To try, tempt, test. From peira; to test, i.e. Endeavor, scrutinize, entice, discipline.",
                    "Different ways we have seen this, ",
                    "=> James 1:2 (to try, in order to discover the disposition of a person, or to improve his virtue e.g. Abraham.)",
                    "=> Heb 3:8 (In the same sense the Israelites are said to have tempted or proved God. )",
                    "=> Here (signifies to solicit one to sin, and actually to seduce him into sin)"
                ],
                "applications": []
            },
            { "index":14,"remarks":[],"applications":[]},
            { "index":15,"remarks":[],"applications":[]},
            { "index":16,"remarks":[],"applications":[]},
            { "index":17,"remarks":[],"applications":[]},
            { "index":18,"remarks":[],"applications":[]},
            { "index":19,"remarks":[],"applications":[]},
            { "index":20,"remarks":[],"applications":[]},
            { "index":21,"remarks":[],"applications":[]},
            { "index":22,"remarks":[],"applications":[]},
            { "index":23,"remarks":[],"applications":[]},
            { "index":24,"remarks":[],"applications":[]},
            { "index":25,"remarks":[],"applications":[]},
            { "index":26,"remarks":[],"applications":[]},
            { "index":27,"remarks":[],"applications":[]}
        ]
    },
    {
        "chapter": 2,
        "versenotes": [
            {
                "index": 1,
                "remarks": [],
                "applications": []
            },
            {
                "index": 2,
                "remarks": [],
                "applications": []
            }
        ]
    }
]